id,epic,title,priority,owner,description,acceptance,target_sprint
HOC-E0-001,E0 Repo & Demo Stabilization,Fix mobile TypeScript errors,P0,Mobile,"TypeScript compile errors block safe iteration; run typecheck, fix imports/types/null states, do not change product logic unless required.",typecheck passes; no new any-heavy workaround; route smoke test passes,S1
HOC-E0-002,E0 Repo & Demo Stabilization,Confirm Expo Web demo path,P0,Mobile,Verify demo route from Home -> AI Analysis -> Result -> Today Intake -> Meal Buddy -> Restaurant -> My page.,3-minute demo can be performed twice after refresh,S1
HOC-E0-003,E0 Repo & Demo Stabilization,Create deterministic demo seed reset,P0,Platform,Add seed reset helper for mock data and local storage adapter.,Reset returns same mock users/meals/cards/chats/tables,S1
HOC-E0-004,E0 Repo & Demo Stabilization,Audit centralized i18n,P1,Mobile/Web,Move remaining visible Traditional Chinese text into zh-TW i18n file.,No new hardcoded UI copy in touched files,S2
HOC-E1-001,E1 Core Data Foundation,Replace latestCorrectedMealRecord with meal collection,P0,Mobile/Data,Introduce mealRecords repository/collection and update all readers/writers.,Today Intake and nutrition report read same records,S1
HOC-E1-002,E1 Core Data Foundation,Unify Meal Buddy and Group Table identities,P0,Mobile/Data,"Use one mockUsers/socialCards source for meal buddy cards, matches, chats, and group tables.",Accept invite updates friend/match state; group participants link to same social cards,S1
HOC-E1-003,E1 Core Data Foundation,Create cross-platform storage adapter,P0,Mobile,Implement localStorage on web and AsyncStorage on native behind same interface.,Adapter tests/smoke checks pass; demo data persists consistently,S1
HOC-E1-004,E1 Core Data Foundation,Normalize planned dinner state,P1,Mobile/Data,Represent scheduled dinner as a planned meal state linked to daily summary.,"Planned dinner appears as planned, not eaten, and can be converted/cleared",S2
HOC-E2-001,E2 AI Meal Analysis Loop,Implement analysis result type and candidate selection,P0,AI/Mobile,"Define result, candidates, ingredient breakdown, nutrition estimate, confidence, source metadata.",Candidate selection controls final record payload,S1
HOC-E2-002,E2 AI Meal Analysis Loop,Manual correction form and recalculation,P0,Mobile/AI,"Build correction flow for restaurant, dish, ingredients, portion, cooking method, nutrition fields.",Corrected record shows updated nutrition and correction event,S2
HOC-E2-003,E2 AI Meal Analysis Loop,Save confirmed analysis to meal records,P0,Mobile/Data,Persist analysis into meal collection and update dependent surfaces.,One save creates one record; no duplicate on navigation,S2
HOC-E2-004,E2 AI Meal Analysis Loop,AI analysis page state retention,P1,Mobile,"When leaving and returning before next action, keep the same analysis result screen.",Tab away/back preserves current analysis state,S2
HOC-E3-001,E3 Today Intake & Food Diary,Fix Today Intake / full report sync,P0,Mobile/Data,"Ensure home summary, Today Intake page, full nutrition report, and diary use mealRecords aggregation.",No zero-report bug when meals exist,S2
HOC-E3-002,E3 Today Intake & Food Diary,Implement food rating placeholder,P1,Mobile,"Add post-meal rating state and entry points, with deferred notification integration.",Rating can be saved/edited in demo state,S3
HOC-E3-003,E3 Today Intake & Food Diary,Implement free/premium diary windows,P2,Mobile,Demo logic for free 14-day history and premium Top10 saved lists.,Free/premium toggle visibly changes history/toplist scope,S4
HOC-E4-001,E4 Recommendation Engine v1,Build intake-aware next-meal rule engine,P0,AI/Backend/Mobile,Use calories/macros/fiber gap and meal timing to generate safe next-meal suggestion.,Changing current intake changes recommendation reason,S2
HOC-E4-002,E4 Recommendation Engine v1,Restaurant recommendation filter flow,P1,Mobile/Data,Location/search/type/meal-period filters update restaurant list on same page.,Filters update cards without route confusion,S3
HOC-E4-003,E4 Recommendation Engine v1,Taste similarity placeholder,P2,AI/Data,Prepare rating-based similar-taste recommendation interface without full ML dependency.,Interface exists; fallback rules work when sparse data,S5
HOC-E5-001,E5 Meal Buddy Flow,Create Meal Buddy card from AI analysis,P0,Mobile/Data,"After analysis save, create card and route to Meal Buddy card area.",Created card is visible and references saved meal,S3
HOC-E5-002,E5 Meal Buddy Flow,Create Meal Buddy card from restaurant card,P0,Mobile/Data,Restaurant list/detail card CTA creates meal buddy card with date selector near restaurant card.,Card appears in correct page and created confirmation is obvious,S3
HOC-E5-003,E5 Meal Buddy Flow,Enforce free/premium card and invite limits,P1,Mobile/Data,Implement daily limits and overwrite-oldest behavior for demo mode.,"Free=2/day, premium=5/day; clear disabled/limit states",S3
HOC-E5-004,E5 Meal Buddy Flow,Fix chat sorting and return routing,P0,Mobile,"Latest message moves chat to top; return from chat goes to chat list, not matched tab.",BO/LEO/Ivy regression cases pass,S2
HOC-E5-005,E5 Meal Buddy Flow,Accept invitation updates friend/match list,P0,Mobile/Data,Accepting chat/meal invite creates or updates match/friend state.,Accepted user appears in friends/matches and chat remains available,S3
HOC-E6-001,E6 Group Table Flow,Separate group table state from one-to-one chat,P1,Mobile/Data,Create groupTables repository and groupChat linkage separate from matches/chats.,多人飯局 does not route to one-to-one chat incorrectly,S4
HOC-E6-002,E6 Group Table Flow,Group participant social-card display,P1,Mobile,Participants render from shared social card/user objects.,Participant card click opens correct community/social card,S4
HOC-E6-003,E6 Group Table Flow,Cancellation reason system message,P2,Mobile/Data,Cancel participation requires reason and posts system message.,Cancellation updates table state and group chat system event,S5
HOC-E7-001,E7 Restaurant Surface,Restaurant card UI cleanup,P1,Mobile/UI,Make restaurant cards match target layout; remove duplicate CTAs; keep card readable.,Recommended dish CTA asks to create Meal Buddy card; no duplicate option,S3
HOC-E7-002,E7 Restaurant Surface,Menu item nutrition card integration,P1,Mobile/Data,Menu items show calories/macros/tags and source confidence/verification state.,Menu card feeds AI/restaurant/meal-buddy flows consistently,S4
HOC-E8-001,E8 Restaurant Admin,Menu CRUD demo surface,P1,Web/Backend,"Create/edit menu item with ingredients, portion, cooking, nutrition estimate, price, tags.",Admin-created item appears in restaurant menu demo data,S4
HOC-E8-002,E8 Restaurant Admin,Nutrition disclosure review status,P2,Web/Admin,Add status draft/submitted/approved/rejected and admin review placeholder.,Status controls consumer verified badge display,S5
HOC-E9-001,E9 Supabase Backend Migration,Create core Postgres migrations,P0,Backend/Data,Implement users/profiles/meals/restaurants/menu_items/social_cards/meal_buddy/matches/chats/group_tables schema.,Migration runs cleanly in empty Supabase project,S2
HOC-E9-002,E9 Supabase Backend Migration,Implement RLS policy baseline,P0,Backend/Security,Add least-privilege RLS for user-owned data and role-gated restaurant/admin data.,No table containing user data is public without explicit policy,S3
HOC-E9-003,E9 Supabase Backend Migration,Storage buckets and photo metadata,P1,Backend/Data,Create buckets for meal photos/restaurant assets and link metadata to records.,Upload metadata can be associated with meal/restaurant item,S3
HOC-E9-004,E9 Supabase Backend Migration,Edge Function contract stubs,P1,Backend/AI,"Stub analyzeMeal, recommendNextMeal, recommendBuddyCandidates, geocode/search if needed.",Mobile can call typed client with mock response fallback,S4
HOC-E10-001,E10 QA Analytics Release,Manual regression suite,P0,QA,"Create route-by-route regression checklist for AI, intake, meal buddy, restaurant, chat.",QA checklist can be run by non-engineer,S2
HOC-E10-002,E10 QA Analytics Release,Core analytics event map implementation,P1,Mobile/Backend,"Log events for analysis_started, meal_saved, buddy_card_created, invite_sent, chat_started, table_joined.",Events visible in debug logger or analytics sink,S4
HOC-E10-003,E10 QA Analytics Release,Release checklist and feature flags,P1,Platform,Add demo/prod flags and release checklist gates.,Demo mode can be locked for investor presentation,S5
HOC-E11-001,E11 Investor Demo,3-minute demo route hardening,P1,Product/Engineering,"Ensure narrative demo path has seed data, clear CTA, no dead links.",Founder can run demo without engineering help,S4
HOC-E11-002,E11 Investor Demo,Investor web demo content alignment,P2,Web/Product,Align landing/demo text with pitch and avoid unreviewed claims.,Investor page labels projections/demo data clearly,S6
